{"cameraMode":{"drawMode":0,"name":"Shaded","section":"Shading Mode"},"sceneLighting":false,"audioPlay":false,"sceneViewState":{"showFog":true,"showMaterialUpdate":false,"showSkybox":false,"showFlares":true,"showImageEffects":true,"showParticleSystems":true},"in2DMode":false,"pivot":{"x":-88.20259857177735,"y":17.446319580078126,"z":10.516335487365723},"rotation":{"x":-0.7213826179504395,"y":0.0035298625007271768,"z":-0.0036770727019757034,"w":-0.6925187110900879},"size":57.877716064453128,"orthographic":false}