{"cameraMode":{"drawMode":0,"name":"Shaded","section":"Shading Mode"},"sceneLighting":false,"audioPlay":false,"sceneViewState":{"showFog":true,"showMaterialUpdate":false,"showSkybox":false,"showFlares":true,"showImageEffects":true,"showParticleSystems":true},"in2DMode":false,"pivot":{"x":-11.375,"y":7.888742446899414,"z":7.698258876800537},"rotation":{"x":-0.7213826179504395,"y":0.0035298625007271768,"z":-0.0036770727019757034,"w":-0.6925187110900879},"size":55.049591064453128,"orthographic":false}