{"cameraMode":{"drawMode":0,"name":"Shaded","section":"Shading Mode"},"sceneLighting":false,"audioPlay":false,"sceneViewState":{"showFog":true,"showMaterialUpdate":false,"showSkybox":false,"showFlares":true,"showImageEffects":true,"showParticleSystems":true},"in2DMode":false,"pivot":{"x":-85.81401062011719,"y":-2.2804298400878908,"z":17.067636489868165},"rotation":{"x":-0.7213826179504395,"y":0.0035298625007271768,"z":-0.0036770727019757034,"w":-0.6925187110900879},"size":63.64474105834961,"orthographic":false}