{"cameraMode":{"drawMode":0,"name":"Shaded","section":"Shading Mode"},"sceneLighting":false,"audioPlay":false,"sceneViewState":{"showFog":true,"showMaterialUpdate":false,"showSkybox":false,"showFlares":true,"showImageEffects":true,"showParticleSystems":true},"in2DMode":false,"pivot":{"x":-8.68012809753418,"y":4.789151668548584,"z":11.994852066040039},"rotation":{"x":-0.7213826179504395,"y":0.0035298625007271768,"z":-0.0036770727019757034,"w":-0.6925187110900879},"size":31.422250747680665,"orthographic":false}